customer_name,customer_address
shivani,W2648  New St
Lauren,B3094  Samon Ave
Flora,V481  Ford Rd
Elvis,U3340  Runamuck Ave
Enoch,B4658  New Boston
Richard,L757  Main St
Minakshi,M2803  Main Carrillo
Wardell,E1032  Center St
Toby,E2046  Lakeend Yakima
Jewell,Z1715  Connecticut 75th
Seth,P2988  Jerrold Ave
Isiah,B747  Main Route
Loyal,S3385  Wan 75th
Dorsey,Q4449  Center St
Curtiss,K2719  Liberty St
Lupe,Y1871  Atlantic St
Rishabh,R3617  Lake Blvd
Carleton,V3966  Prospect Boston
Bart,L500  Boston St
Mia,V1669  Penser St
Duwayne,F3276  Main Westgate
Verlyn,O4529  Atlantic Groesbeck
Daisy,D4227  Banner St
dali,F2445  Boston St
rani,U4916  Banner Jackson
Kendall,U1715  Runamuck Road
Hilton,X919  Lakeend Blvd
Gay,F244  Samso Ave
madhuri,J3203  Noteman Ave
Val,F1099  Liberty Morehead
reena,D642  New Route
Eloy,G164  Engman Ave
Lawerence,I2183  Penser St
Gerold,G1732  Banner Ave
Rena,X337  Connecticut Eads
manju,E636  New St
aashma,M4576  Lake Eads
Raphael,L2435  Pennsylvania Ave
Benton,H691  Sam Ave
Guillermo,R2708  New Route
Debra,J3149  Samon Ave
Adolfo,K3794  Jackson St
Ora,A4844  Atlantic St
Vicente,O4529  Penser Ave
shikha,C4269  Lewis Ave
Jayne,B4014  Mcauley Road
Alford,N1911  Wan Boston
Von,X2603  Main Cerritos
Elwyn,E2395  Penser Ave
Garfield,L872  Manchester St
Rochelle,P730  Grand Westgate
Denzil,M3226  Ford St
Felton,F1264  Jackson Ave
Lucius,N2384  Eads Boston
Jenny,O3406  Greenleaf St
Melton,R3937  Main St
Glendon,A4579  New Route
Stanton,M4298  Noteman Route
Sallie,X3824  Penser 75th
Deepak,Y1943  Mcauley St
Benedict,U358  Sam Road
Eldridge,F4658  Pennsylvania Horizon
Eula,K2948  Wan St
hemlata,F2540  Main Ave
reekha,P2024  Noteman St
Wayland,M1760  Jerrold St
Porter,Y5000  Prospect St
Dayton,W1377  Main St
Fay,J3466  Central St
Vicky,Z2286  New St
Walker,E700  Connecticut Jackson
Israel,V4999  Samon Ave
Ottis,V1255  Sam Yakima
anjali,L2358  Pennsylvania Road
Reba,P2161  Samon St
sheetal,X932  Main Road
Lorna,J470  Connecticut Route
arti,Q4527  Samso St
Rupert,K3794  Boston St
Prince,V2103  Lighthouse St
Eldred,R1129  Greenleaf St
Agustin,A4533  Wan Cerritos
Shelton,Y1871  Wan Ave
Ahmed,A759  Center Cerritos
Wilber,O4554  Center Yakima
Parker,B1214  Banner Eads
Kelly,M2803  Penser Morehead
Beryl,O4554  Manchester St
Margaret,T3692  Central St
Junius,I2136  Jackson Morehead
Janette,M4214  Greenleaf Road
sarita,D1215  Lake Ave
Garrett,Q3670  Samso Ave
neha,B456  Liberty 75th
tamanna,C405  Main Cerritos
Nelda,R3369  Boston Ave
Asa,G291  Samso Road
Claudie,K982  Jackson Road
Fidel,C2653  Weston Ave
Waldo,L409  Jerrold Route
Art,V4999  Ford Ave
Bryce,Y2527  Prospect 75th
geeta,I280  New Ave
Frankie,W566  Ford St
Henrietta,Q4536  Boston Ave
naziya,F310  Samon Ave
Waymon,H1905  New St
Ferdinand,F3358  Eads Rd
Arlyn,K2298  Runamuck Groesbeck
priyanka,S3811  Penser 75th
April,A4533  State Westgate
nisha,L4023  Jerrold Ave
Ruby,J2537  Connecticut Ave
chanchal,W3337  Greenleaf St
Dillard,A4924  New Ave
Lucian,U3481  Eads Eads
Frank,W1112  Boston Ave
anandi,V2510  Atlantic St
Theo,O1186  Boston Road
Dock,U4329  Manchester Ave
sunita,V4208  Pennsylvania Yakima
Rolf,D981  Central Westgate
Loy,C440  State Boston
Grace,M1994  Grand Ave
Casimir,I2940  Grand Boston
Gertrude,N2294  Boston Groesbeck
Puneet,B2556  Lewis Westgate
Lafayette,57  Ford St
Artis,V2103  Center Eads
Fritz,C137  Banner Carrillo
Arvil,I1740  Manchester Boston
Roseann,S4714  Central Rd
Dello,5AA  Weston Road
Vinay,Q4536  Eads Route
Shelby,O3890  Greenleaf Ave
saloni,I2532  Lewis Carrillo
nishu,C4605  Jackson Cerritos
Eunice,U3106  Mcauley St
Faith,U2574  Lake Ave
Fannie,K4144  Noteman St
Farrell,V481  Connecticut Ave
Fay,D1359  Liberty Ave
Federico,J4685  Grand Ave
Felton,C2982  Sam St
Ferdinand,F2270  Samon Route
Fidel,E700  Eads Yakima
Flora,55  Eads Route
Florian,Q1035  Penser St
Frank,F3276  Central Cerritos
Frankie,F1266  Ford St
Franklyn,T571  Prospect Ave
Freda,X4920  Lighthouse St
Fritz,G164  Jackson Ave
Gale,M1359  Penser St
Garfield,C137  Main Ave
Garrett,E4242  Lighthouse Boston
Garth,Z4222  Connecticut Yakima
Gay,B1646  Connecticut Ave
geeta,F1264  Weston Eads
General,U1715  Lighthouse Horizon
Genevieve,L2428  Mcauley St
George,K2895  Boston Route
Gerold,B2832  Ford St
Gertrude,F793  Atlantic Jackson
Giles,U4916  Lakeend St
Ginger,Q4690  Main St
Glendon,C3887  Liberty Cerritos
Glenna,R4767  Samon Rd
Glynn,R3413  Wan Ave
Gonzalo,U4883  Lakeend St
Grace,F450  Samon Yakima
Granville,N1214  Lewis Morehead
Gregorio,P730  Boston Boston
Gretchen,I3366  Samso Groesbeck
Guadalupe,T4196  Grand Ave
Guillermo,B4362  Penser Westgate
Gustav,T3342  Lakeend Groesbeck
Gwen,U4233  Weston Boston
Hardy,Q3682  Weston Carrillo
Harland,S1342  Main Road
Haskell,W1155  Prospect St
Hayward,Y2963  Greenleaf Carrillo
Haywood,M4278  Atlantic Groesbeck
Helen,L2435  Eads Ave
Helene,W1418  Samso Ave
hemlata,C4605  Samso Ave
Henrietta,F1352  Jackson St
Hilton,B1469  Jackson Ave
Holly,L1517  Lighthouse St
Hope,J3887  Center St
Howell,I1235  Banner Ave
Hugo,Q3101  Pennsylvania Ave
Ike,V3484  Prospect St
Ilene,G786  Wan Ave
Inez,O1694  Lake St
Isha,V2510  Mcauley Morehead
Isiah,A4208  State Rd
Israel,D3269  Mcauley Route
Ivory,L4023  Center St
Jacky,YY129  Jackson Road
James,O1764  Liberty Eads
Janette,E3632  Ford Cerritos
Jay,S2900  Runamuck Rd
Jayne,B67  Main Carrillo
Jennings,Z1727  Manchester St
Jenny,C3779  Greenleaf Ave
Jerry,T2657  Samon Ave
Jewell,A3731  Main Ave
Joan,L3700  Banner Yakima
Joanna,J4685  Main Rd
Joaquin,P1851  Ford St
Joesph,M4500  Prospect Road
John,P3856  Central Rd
Jonas,S3379  Ford Ave
Jonnie,X2669  Ford Horizon
Jordan,U3079  Center Ave
Joyce,R1254  Lake Ave
Judge,Y1871  Jerrold St
Judi,U4919  Manchester Blvd
Judson,H4582  Lakeend Ave
June,P2721  Connecticut St
Junius,E3588  New St
Justin,V2510  Banner Ave
kajal,W1943  Lake Blvd
kanta,S1808  Pennsylvania Ave
Karla,R2520  Manchester Road
Kathie,R4190  Lighthouse St
Katie,R986  Weston St
kaushal,M3972  Runamuck Ave
Kaye,J3169  Wan Ave
Kelly,E2395  New Ave
Kendall,B1214  Manchester St
Kenny,U4707  Lakeend Rd
kesha,X2745  Engman Ave
Keven,V2271  Penser Road
kiran,M2368  Grand Yakima
Kirby,S1833  Sam Rd
Kirk,R4190  Boston Route
komal,X3790  Noteman Groesbeck
Kristine,J1231  Banner St
Kurt,O620  Ford Eads
Kyle,K2948  Lake St
Lafayette,F899  Eads Ave
Lauren,T2843  State Eads
Laverne,R2779  Noteman 75th
Lavon,U2387  Runamuck Cerritos
Lawerence,B2556  Weston St
laxmi,J3763  Greenleaf Westgate
Leamon,S4597  Lake St
Leander,U2613  Weston St
Leeroy,R3353  Prospect Route
Lemuel,L3709  Engman St
Lenore,Z116  Lakeend Road
Leonardo,X2747  Jerrold St
Lila,W255  Liberty Ave
Lindsey,I2940  Lake Road
Logan,G786  Prospect St
Lois,R4767  State Ave
Lon,X2745  Grand St
Loran,V4674  Boston Ave
Lorna,D642  Connecticut St
Lou,O722  Central St
Louise,N2419  Runamuck St
lovely,W3547  Atlantic Ave
Loy,F3816  Lighthouse St
Loyal,A4533  Runamuck St
Lucian,F3150  Mcauley St
Lucinda,U488  Atlantic Westgate
Lucious,Z699  Lakeend Ave
Lucius,C2982  State Ave
Lucy,U995  Lakeend Ave
Lupe,A4533  Weston Ave
Lynette,J3495  Lewis Ave
Mable,O4016  Connecticut Ave
Mac,U4707  Lakeend Ave
madhuri,B2308  Central Ave
Maggie,N2258  Engman Ave
Mahlon,L207  Atlantic 75th
Mamie,V154  Lighthouse Yakima
mamta,M335  Mcauley Route
manju,B2916  Lake Jackson
Marcella,L4760  Jerrold St
Margaret,E3588  Boston St
Margarito,N303  Main Boston
Margo,O2332  Wan Ave
Mark,S3453  Samso Eads
Marland,R4209  Lake Ave
Marlyn,Z1727  Atlantic Route
Matt,S2156  Central Ave
Maxwell,W4363  Greenleaf Morehead
Mckinley,J229  Lakeend Eads
megha,T3315  Lighthouse Cerritos
Melanie,Q2274  Engman Rd
Melba,Z2985  Central Ave
Melinda,X1850  Mcauley Ave
Melody,O3737  Samon Boston
Melton,C384  Engman Eads
Melvyn,H2535  Atlantic Boston
Meredith,Y234  Lake St
Merritt,R570  Jerrold Road
Merton,M4560  Sam Rd
Mia,A4924  Atlantic Route
Michael,W3337  Jerrold Ave
Milan,O2640  New Road
Miller,J3203  Liberty Ave
minakshi,A1951  Connecticut St
Mitchel,R1131  Ford Route
Molly,U4589  New Ave
Mona,U1870  Samso Horizon
Monica,T2634  Liberty Carrillo
monika,X3544  Boston St
Monty,X281  Banner St
Mose,U2943  Banner Yakima
Muriel,R1131  Greenleaf Ave
Murphy,U2618  Samon Yakima
Myles,X3790  Lakeend Carrillo
Myrna,K4949  Greenleaf St
Myrtle,R105  Center Jackson
Nadine,O1040  Sam Horizon
Naina,J2515  Central Ave
nancy,R3024  Main Ave
Napoleon,N3826  Connecticut St
Natalie,T2657  Weston Ave
naziya,F1914  Pennsylvania Ave
neeru,S2310  Lighthouse Ave
neetu,I3155  New Horizon
neha,E4242  Lighthouse Cerritos
Nelda,E550  Manchester Ave
Nelson,P4904  Greenleaf 75th
Nettie,U4818  Engman Route
Nickolas,S2873  Ford Eads
Nicolas,W3012  Mcauley Westgate
nirma,Z1715  Grand St
nisha,F2519  Runamuck Yakima
Nishant,Q235  Main Groesbeck
nishu,G4537  Wan St
Noble,V2814  Liberty Carrillo
Noreen,R3904  Eads Carrillo
Norton,N4185  Samso Road
Norwood,H969  Main Jackson
Olga,P2721  Greenleaf Carrillo
Omar,V4788  Wan Ave
Oneal,O4952  Engman Ave
Ora,B4658  Samon St
Oran,R2434  Penser Ave
Oren,N4523  Jerrold Westgate
Orin,Q3341  Grand Blvd
Orrin,Q946  Jackson Cerritos
Ottis,D3399  Lighthouse Ave
Palak,R3353  Boston St
Palmer,O1059  Greenleaf Road
Pam,O2109  Lakeend St
Parker,E2395  Center Ave
Patricia,Q2585  Sam Road
Patti,S3811  Samso Jackson
Paul,H4853  Lewis St
Penelope,Q238  Main Jackson
Pierre,L2254  Mcauley Eads
pinki,J3203  Samon Yakima
Polly,L2110  Liberty Eads
pooja,P2354  Samon Ave
poonam,Z2836  Center Boston
Porter,D1017  Runamuck St
Preeti,K3367  Pennsylvania St
Prince,D959  Banner St
Priya,T2680  State Rd
priyanka,F2445  Banner Carrillo
puja,Q2274  Lakeend Ave
Puneet,F793  Jackson Ave
pushpa,5  State Horizon
Quentin,S2629  Jackson Jackson
Quinton,S4443  Ford St
radha,P1608  Samso St
rajni,S2477  Ford Route
Rambo,U2068  Engman 75th
rani,B1214  Lakeend St
Raphael,B3755  Center Road
Reba,D4244  New Ave
Reed,P2922  New Route
reekha,C628  Main Jackson
reena,B2556  Central Ave
Regis,Y1515  Weston Eads
Reid,H3971  Noteman Road
rekha,U2943  Sam Blvd
Rena,B2916  Jerrold Ave
Reynaldo,Y1571  Eads Ave
Reynold,Q175  Prospect Ave
Rhonda,L2254  Weston Carrillo
Richard,77  State St
rinki,R2274  Banner St
Rishabh,A4579  Manchester Ave
Robbie,R3413  Jerrold St
Rochelle,C2000  Central Route
Rogelio,U2613  Noteman St
Rohan,O2109  Engman Groesbeck
Rolf,F3566  Main Groesbeck
Romeo,Z4180  Eads Morehead
Ron,Y4872  State Blvd
Ronny,R4190  Main St
Rosalind,S4437  Runamuck Ave
Roseann,G2863  Banner Blvd
Rosetta,H4582  Grand Groesbeck
Rowland,W495  Center St
rubi,O4849  Mcauley Ave
Rubin,L2274  Jackson Morehead
Ruby,F2537  Main Morehead
Rupert,D765  Weston St
Ruth,W2023  Eads Route
Ruthie,J992  Banner Eads
Sadie,T1693  Lakeend Ave
Sallie,C396  New St
saloni,G4537  State St
Sam,N2500  New St
Sandy,O4081  Central Eads
sanju,R3904  Central 75th
Santo,X3700  Lakeend Ave
Santos,Q539  Eads Ave
sapna,L4274  Pennsylvania Yakima
sarita,E3989  Prospect Westgate
Sebastian,X2689  New St
seema,Q4449  Central 75th
Seth,A4071  Wan Route
shahin,M2368  Lakeend Groesbeck
shalu,V172  Boston Carrillo
shanti,Y490  Samon Jackson
sheetal,D564  Mcauley St
Shelby,G448  Liberty St
Shelia,X678  Eads Ave
Shelton,E2041  Ford Horizon
Sherrie,X3903  Penser St
shikha,B511  Ford Ave
shivani,5  Manchester Route
Sid,W1510  Wan Ave
smt,K1998  Sam Rd
smt.,X1548  Eads Ave
sona,K3535  Weston Road
sonali,O4529  Lighthouse Ave
Sondra,S411  New St
soni,K4682  Prospect Road
Sonja,R2708  Weston Route
Stan,R3735  Banner Jackson
Stanton,C3905  Noteman Road
Steven,S2988  Samso St
suhagini,L2110  Ford Jackson
suman,H1186  Jerrold Route
sunita,F3358  Ford St
Sydney,X337  Lighthouse Route
tamanna,E550  Liberty Eads
Taylor,J4989  Connecticut Morehead
Terence,L1382  Engman St
Terrell,P1361  Greenleaf St
Terri,S3385  Samso St
Theadore,X3939  Mcauley Route
Theo,F33 Ford Ave
Tina,H2078  Atlantic Road
Toby,A2537  Lewis Horizon
Val,B2418  Banner Ave
Valentine,U4883  Ford St
varsha,XY129  Atlantic Rd
Varun,X1312  Wan Ave
Verl,R4767  Lakeend Ave
Verlin,O1186  Wan St
Verlyn,A4924  Samso Road
Verne,X4536  State Rd
Vicente,B4673  Greenleaf Ave
Vicky,D2854  Penser St
Vinay,G3523  Prospect Yakima
Violet,J2515  New Ave
Von,B902  State Ave
Waldo,E970  Runamuck St
Walker,D3237  Boston St
Wally,S2477  Jackson Yakima
Walton,Q539  Sam Cerritos
Wardell,A2401  Central Ave
Wayland,C628  Wan Ave
Waymon,F1914  Samso Ave
Webster,Q2274  Lewis Ave
Wilber,E2066  Central Ave
William,R2779  Weston Ave
Williams,Z1715  Penser 75th
Willian,S4714  Greenleaf Ave
Winfield,Q196  Lewis Boston
Wylie,Q1035  Ford Ave
Yash,Z2985  Weston St
yasmin,K1734  Manchester Route
Zane,U4589  Pennsylvania St
